PLZ,Land,Regierungsbezirk,Kreisfreie Stadt,Fläche in km2 1),Bevölkerung2),,,
St. 1-2,,,Kreis / Landkreis,,insgesamt,männlich,weiblich,je km2
1,2,3,4,  5,   6,  7,  8,  9
,,,,,,,,
01,Brandenburg,,Oberspreewald-Lausitz, 610.27, 71 590, 34 949, 36 641,  117
01,Sachsen,früher: Direktionsbezirk Dresden,"Dresden, Stadt", 328.48, 563 311, 279 338, 283 973, 1 715
01,Sachsen,früher: Direktionsbezirk Dresden,Bautzen,1 033.39, 137 319, 68 321, 68 998,  133
01,Sachsen,früher: Direktionsbezirk Dresden,Meißen,1 454.59, 241 343, 118 391, 122 952,  166
01,Sachsen,früher: Direktionsbezirk Dresden,Sächsische Schweiz-Osterzgebirge,1 654.20, 246 204, 121 264, 124 940,  149
02,Sachsen,früher: Direktionsbezirk Dresden,Bautzen,1 362.21, 160 392, 78 661, 81 731,  118
02,Sachsen,früher: Direktionsbezirk Dresden,Görlitz,2 111.41, 249 681, 122 032, 127 649,  118
03,Brandenburg,,"Cottbus, Stadt", 165.62, 99 515, 48 535, 50 980,  601
03,Brandenburg,,Elbe-Elster, 670.77, 38 842, 19 257, 19 585,  58
03,Brandenburg,,Oberspreewald-Lausitz, 613.20, 36 673, 18 058, 18 615,  60
03,Brandenburg,,Spree-Neiße,1 656.99, 112 493, 55 072, 57 421,  68
04,Brandenburg,,Elbe-Elster,1 228.41, 62 060, 30 754, 31 306,  51
04,Sachsen,früher: Direktionsbezirk Chemnitz,Mittelsachsen, 425.45, 62 612, 31 237, 31 375,  147
04,Sachsen,früher: Direktionsbezirk Leipzig,"Leipzig, Stadt", 297.80, 616 093, 302 741, 313 352, 2 069
04,Sachsen,früher: Direktionsbezirk Leipzig,Leipzig,1 651.27, 260 429, 127 570, 132 859,  158
04,Sachsen,früher: Direktionsbezirk Leipzig,Nordsachsen,2 028.55, 199 824, 99 026, 100 798,  99
04,Thüringen,,Altenburger Land, 569.39, 88 787, 43 266, 45 521,  156
06,Sachsen-Anhalt,,"Dessau-Roßlau, Stadt", 245.05, 79 655, 38 509, 41 146,  325
06,Sachsen-Anhalt,,"Halle (Saale), Stadt", 135.03, 242 083, 116 835, 125 248, 1 793
06,Sachsen-Anhalt,,Anhalt-Bitterfeld, 986.15, 135 716, 66 409, 69 307,  138
06,Sachsen-Anhalt,,Burgenlandkreis,1 414.09, 177 212, 87 200, 90 012,  125
06,Sachsen-Anhalt,,Harz, 689.79, 65 910, 31 998, 33 912,  96
06,Sachsen-Anhalt,,Mansfeld-Südharz,1 448.97, 132 034, 64 916, 67 118,  91
06,Sachsen-Anhalt,,Saalekreis,1 434.46, 183 974, 90 866, 93 108,  128
06,Sachsen-Anhalt,,Salzlandkreis, 636.22, 86 412, 42 046, 44 366,  136
06,Sachsen-Anhalt,,Wittenberg,1 933.65, 123 888, 60 893, 62 995,  64
06,Thüringen,,Kyffhäuserkreis, 374.27, 33 429, 16 487, 16 942,  89
07,Sachsen,früher: Direktionsbezirk Chemnitz,Vogtlandkreis, 89.24, 8 483, 4 139, 4 344,  95
07,Thüringen,,"Gera, Stadt", 152.18, 93 634, 45 174, 48 460,  615
07,Thüringen,,"Jena, Stadt", 114.77, 111 191, 55 301, 55 890,  969
07,Thüringen,,Saalfeld-Rudolstadt, 871.52, 92 915, 45 695, 47 220,  107
07,Thüringen,,Saale-Holzland-Kreis, 815.24, 83 234, 41 328, 41 906,  102
07,Thüringen,,Saale-Orla-Kreis,1 151.30, 79 178, 39 306, 39 872,  69
07,Thüringen,,Greiz, 845.98, 96 381, 47 487, 48 894,  114
08,Sachsen,früher: Direktionsbezirk Chemnitz,Erzgebirgskreis, 592.24, 118 973, 57 929, 61 044,  201
08,Sachsen,früher: Direktionsbezirk Chemnitz,Vogtlandkreis,1 323.15, 214 183, 104 349, 109 834,  162
08,Sachsen,früher: Direktionsbezirk Chemnitz,Zwickau, 755.09, 239 883, 117 166, 122 717,  318
09,Sachsen,früher: Direktionsbezirk Chemnitz,"Chemnitz, Stadt", 221.03, 248 563, 122 678, 125 885, 1 125
09,Sachsen,früher: Direktionsbezirk Chemnitz,Erzgebirgskreis,1 235.69, 209 877, 103 062, 106 815,  170
09,Sachsen,früher: Direktionsbezirk Chemnitz,Mittelsachsen,1 691.39, 238 027, 117 986, 120 041,  141
09,Sachsen,früher: Direktionsbezirk Chemnitz,Zwickau, 194.71, 70 955, 34 647, 36 308,  364
10,Berlin,,"Berlin, Stadt", 891.12,3 755 251,1 843 196,1 912 055, 4 214
12,Brandenburg,,Dahme-Spreewald, 81.62, 19 174, 9 731, 9 443,  235
14,Brandenburg,,"Brandenburg an der Havel, Stadt", 229.72, 73 609, 36 106, 37 503,  320
14,Brandenburg,,"Potsdam, Stadt", 188.24, 185 750, 89 442, 96 308,  987
14,Brandenburg,,Havelland,1 707.16, 168 907, 83 252, 85 655,  99
14,Brandenburg,,Potsdam-Mittelmark,2 592.03, 222 570, 109 781, 112 789,  86
14,Brandenburg,,Teltow-Fläming,1 244.53, 96 898, 48 114, 48 784,  78
14,Sachsen-Anhalt,,Stendal, 65.33, 1 095,  557,  538,  17
15,Brandenburg,,"Frankfurt (Oder), Stadt", 147.85, 58 230, 28 223, 30 007,  394
15,Brandenburg,,Dahme-Spreewald,2 192.87, 159 793, 78 781, 81 012,  73
15,Brandenburg,,Märkisch-Oderland,1 615.84, 172 038, 84 849, 87 189,  106
15,Brandenburg,,Oder-Spree,2 256.76, 182 401, 89 338, 93 063,  81
15,Brandenburg,,Teltow-Fläming, 859.69, 79 750, 40 008, 39 742,  93
16,Brandenburg,,Barnim,1 479.59, 191 849, 94 508, 97 341,  130
16,Brandenburg,,Havelland, 20.15,  427,  221,  206,  21
16,Brandenburg,,Märkisch-Oderland, 542.81, 28 254, 14 230, 14 024,  52
16,Brandenburg,,Oberhavel,1 808.19, 218 551, 107 236, 111 315,  121
16,Brandenburg,,Ostprignitz-Ruppin,2 526.46, 99 871, 49 583, 50 288,  40
16,Brandenburg,,Prignitz, 994.43, 26 174, 13 089, 13 085,  26
16,Brandenburg,,Uckermark, 994.27, 55 298, 26 800, 28 498,  56
17,Brandenburg,,Uckermark,2 082.75, 62 547, 30 698, 31 849,  30
17,Mecklenburg-Vorpommern,,Mecklenburgische Seenplatte,5 495.58, 259 568, 127 218, 132 350,  47
17,Mecklenburg-Vorpommern,,Landkreis Rostock, 677.02, 22 392, 11 203, 11 189,  33
17,Mecklenburg-Vorpommern,,Vorpommern-Greifswald,3 945.66, 237 355, 115 725, 121 630,  60
18,Mecklenburg-Vorpommern,,Rostock, 181.36, 209 920, 102 800, 107 120, 1 157
18,Mecklenburg-Vorpommern,,Landkreis Rostock,2 754.18, 198 415, 98 203, 100 212,  72
18,Mecklenburg-Vorpommern,,Vorpommern-Rügen,3 215.73, 227 683, 111 156, 116 527,  71
19,Niedersachsen,Statistische Region Lüneburg,Lüneburg, 238.00, 5 320, 2 741, 2 579,  22
19,Brandenburg,,Prignitz,1 144.15, 49 871, 24 536, 25 335,  44
19,Mecklenburg-Vorpommern,,Schwerin, 130.52, 98 596, 47 203, 51 393,  755
19,Mecklenburg-Vorpommern,,Nordwestmecklenburg, 823.53, 38 528, 19 399, 19 129,  47
19,Mecklenburg-Vorpommern,,Ludwigslust-Parchim,4 766.77, 214 161, 106 714, 107 447,  45
20,Hamburg,,"Hamburg, Freie und Hansestadt", 755.09,1 892 122, 925 616, 966 506, 2 506
21,Schleswig-Holstein,,Herzogtum Lauenburg, 543.20, 121 431, 59 761, 61 670,  224
21,Schleswig-Holstein,,Stormarn, 42.47, 47 083, 23 124, 23 959, 1 109
21,Niedersachsen,Statistische Region Lüneburg,Cuxhaven, 707.97, 47 326, 23 257, 24 069,  67
21,Niedersachsen,Statistische Region Lüneburg,Harburg,1 248.45, 261 890, 128 854, 133 036,  210
21,Niedersachsen,Statistische Region Lüneburg,Lüneburg,1 089.83, 182 232, 88 439, 93 793,  167
21,Niedersachsen,Statistische Region Lüneburg,Stade,1 199.14, 205 563, 101 950, 103 613,  171
22,Schleswig-Holstein,,Herzogtum Lauenburg, 46.69, 5 693, 2 827, 2 866,  122
22,Schleswig-Holstein,,Pinneberg, 43.80, 54 245, 26 222, 28 023, 1 238
22,Schleswig-Holstein,,Segeberg, 58.10, 81 880, 39 705, 42 175, 1 409
22,Schleswig-Holstein,,Stormarn, 390.63, 140 124, 67 719, 72 405,  359
23,Schleswig-Holstein,,"Lübeck, Hansestadt", 214.19, 218 095, 104 723, 113 372, 1 018
23,Schleswig-Holstein,,Herzogtum Lauenburg, 673.18, 76 588, 37 101, 39 487,  114
23,Schleswig-Holstein,,Ostholstein,1 393.02, 203 606, 97 822, 105 784,  146
23,Schleswig-Holstein,,Plön, 10.09,  196,  109,  87,  19
23,Schleswig-Holstein,,Segeberg, 592.27, 71 614, 35 397, 36 217,  121
23,Schleswig-Holstein,,Stormarn, 333.12, 60 766, 29 973, 30 793,  182
23,Mecklenburg-Vorpommern,,Nordwestmecklenburg,1 303.54, 121 760, 60 074, 61 686,  93
24,Schleswig-Holstein,,"Flensburg, Stadt", 56.73, 92 550, 45 874, 46 676, 1 631
24,Schleswig-Holstein,,"Kiel, Landeshauptstadt", 118.65, 247 717, 120 149, 127 568, 2 088
24,Schleswig-Holstein,,"Neumünster, Stadt", 71.66, 79 502, 39 256, 40 246, 1 109
24,Schleswig-Holstein,,Plön,1 073.47, 131 070, 63 248, 67 822,  122
24,Schleswig-Holstein,,Rendsburg-Eckernförde,2 027.73, 271 234, 133 269, 137 965,  134
24,Schleswig-Holstein,,Schleswig-Flensburg,2 038.61, 204 179, 100 657, 103 522,  100
24,Schleswig-Holstein,,Segeberg, 656.21, 122 095, 60 873, 61 222,  186
24,Schleswig-Holstein,,Steinburg, 35.62, 2 731, 1 375, 1 356,  77
25,Schleswig-Holstein,,Dithmarschen,1 428.17, 135 252, 66 561, 68 691,  95
25,Schleswig-Holstein,,Nordfriesland,2 083.56, 169 043, 82 669, 86 374,  81
25,Schleswig-Holstein,,Pinneberg, 616.24, 266 632, 130 822, 135 810,  433
25,Schleswig-Holstein,,Rendsburg-Eckernförde, 162.05, 7 745, 3 885, 3 860,  48
25,Schleswig-Holstein,,Schleswig-Flensburg, 32.67, 1 859,  957,  902,  57
25,Schleswig-Holstein,,Segeberg, 37.89, 9 399, 4 679, 4 720,  248
25,Schleswig-Holstein,,Steinburg,1 020.08, 129 688, 63 893, 65 795,  127
26,Niedersachsen,Statistische Region Weser-Ems,"Emden, Stadt", 112.34, 50 535, 25 071, 25 464,  450
26,Niedersachsen,Statistische Region Weser-Ems,"Oldenburg (Oldenburg), Stadt", 103.09, 172 830, 82 742, 90 088, 1 677
26,Niedersachsen,Statistische Region Weser-Ems,"Wilhelmshaven, Stadt", 107.11, 76 089, 37 268, 38 821,  710
26,Niedersachsen,Statistische Region Weser-Ems,Ammerland, 730.65, 128 253, 62 498, 65 755,  176
26,Niedersachsen,Statistische Region Weser-Ems,Aurich,1 287.35, 192 072, 94 234, 97 838,  149
26,Niedersachsen,Statistische Region Weser-Ems,Cloppenburg, 555.66, 59 735, 30 057, 29 678,  108
26,Niedersachsen,Statistische Region Weser-Ems,Emsland, 678.66, 80 591, 41 175, 39 416,  119
26,Niedersachsen,Statistische Region Weser-Ems,Friesland, 609.53, 100 277, 48 749, 51 528,  165
26,Niedersachsen,Statistische Region Weser-Ems,Leer,1 085.41, 174 348, 86 640, 87 708,  161
26,Niedersachsen,Statistische Region Weser-Ems,Oldenburg, 399.02, 47 136, 23 483, 23 653,  118
26,Niedersachsen,Statistische Region Weser-Ems,Wesermarsch, 703.29, 75 557, 37 501, 38 056,  107
26,Niedersachsen,Statistische Region Weser-Ems,Wittmund, 656.86, 58 359, 28 504, 29 855,  89
27,Schleswig-Holstein,,Pinneberg, 4.21, 1 253,  619,  634,  298
27,Niedersachsen,Statistische Region Hannover,Diepholz,1 054.43, 79 411, 39 882, 39 529,  75
27,Niedersachsen,Statistische Region Hannover,Nienburg (Weser), 215.58, 17 260, 8 474, 8 786,  80
27,Niedersachsen,Statistische Region Lüneburg,Cuxhaven,1 351.00, 154 087, 74 893, 79 194,  114
27,Niedersachsen,Statistische Region Lüneburg,Osterholz, 391.79, 67 593, 33 007, 34 586,  173
27,Niedersachsen,Statistische Region Lüneburg,Rotenburg (Wümme),2 074.77, 167 604, 83 960, 83 644,  81
27,Niedersachsen,Statistische Region Lüneburg,Heidekreis, 72.28, 3 710, 1 885, 1 825,  51
27,Niedersachsen,Statistische Region Lüneburg,Stade, 68.25, 4 743, 2 352, 2 391,  69
27,Niedersachsen,Statistische Region Lüneburg,Verden, 558.73, 78 407, 38 829, 39 578,  140
27,Niedersachsen,Statistische Region Weser-Ems,"Delmenhorst, Stadt", 62.45, 78 385, 38 557, 39 828, 1 255
27,Niedersachsen,Statistische Region Weser-Ems,Oldenburg, 665.80, 86 777, 42 757, 44 020,  130
27,Niedersachsen,Statistische Region Weser-Ems,Wesermarsch, 121.50, 14 011, 7 151, 6 860,  115
27,Bremen,,"Bremerhaven, Stadt", 101.41, 115 468, 57 391, 58 077, 1 139
28,Niedersachsen,Statistische Region Hannover,Diepholz, 270.31, 90 434, 44 056, 46 378,  335
28,Niedersachsen,Statistische Region Lüneburg,Osterholz, 260.88, 48 958, 23 806, 25 152,  188
28,Niedersachsen,Statistische Region Lüneburg,Verden, 230.60, 62 506, 30 312, 32 194,  271
28,Bremen,,"Bremen, Stadt", 318.20, 569 396, 280 842, 288 554, 1 789
29,Niedersachsen,Statistische Region Braunschweig,Gifhorn, 722.13, 34 364, 17 270, 17 094,  48
29,Niedersachsen,Statistische Region Lüneburg,Celle,1 550.83, 181 994, 89 138, 92 856,  117
29,Niedersachsen,Statistische Region Lüneburg,Lüchow-Dannenberg,1 123.30, 49 178, 23 981, 25 197,  44
29,Niedersachsen,Statistische Region Lüneburg,Heidekreis,1 809.18, 141 684, 70 812, 70 872,  78
29,Niedersachsen,Statistische Region Lüneburg,Uelzen,1 462.60, 94 362, 45 906, 48 456,  65
29,Sachsen-Anhalt,,Altmarkkreis Salzwedel, 573.59, 29 177, 14 455, 14 722,  51
30,Niedersachsen,Statistische Region Hannover,Region Hannover,1 167.65, 937 089, 457 000, 480 089,  803
31,Niedersachsen,Statistische Region Braunschweig,Peine, 365.77, 95 662, 47 302, 48 360,  262
31,Niedersachsen,Statistische Region Hannover,Region Hannover,1 129.49, 236 802, 116 513, 120 289,  210
31,Niedersachsen,Statistische Region Hannover,Hameln-Pyrmont, 797.54, 150 640, 72 781, 77 859,  189
31,Niedersachsen,Statistische Region Hannover,Hildesheim,1 208.34, 278 371, 135 757, 142 614,  230
31,Niedersachsen,Statistische Region Hannover,Holzminden, 69.13, 8 864, 4 398, 4 466,  128
31,Niedersachsen,Statistische Region Hannover,Nienburg (Weser),1 185.23, 106 209, 52 586, 53 623,  90
31,Niedersachsen,Statistische Region Hannover,Schaumburg, 675.67, 159 960, 78 375, 81 585,  237
32,Nordrhein-Westfalen,Reg.-Bez. Detmold,Herford, 450.40, 253 551, 124 664, 128 887,  563
32,Nordrhein-Westfalen,Reg.-Bez. Detmold,Höxter, 75.69, 12 612, 6 189, 6 423,  167
32,Nordrhein-Westfalen,Reg.-Bez. Detmold,Lippe,1 100.62, 307 379, 150 475, 156 904,  279
32,Nordrhein-Westfalen,Reg.-Bez. Detmold,Minden-Lübbecke,1 152.42, 315 974, 156 058, 159 916,  274
33,Nordrhein-Westfalen,Reg.-Bez. Detmold,"Bielefeld, Stadt", 258.83, 338 332, 163 149, 175 183, 1 307
33,Nordrhein-Westfalen,Reg.-Bez. Detmold,Gütersloh, 969.21, 371 309, 184 955, 186 354,  383
33,Nordrhein-Westfalen,Reg.-Bez. Detmold,Höxter, 368.94, 41 919, 20 984, 20 935,  114
33,Nordrhein-Westfalen,Reg.-Bez. Detmold,Lippe, 145.60, 43 209, 21 292, 21 917,  297
33,Nordrhein-Westfalen,Reg.-Bez. Detmold,Paderborn,1 246.80, 313 758, 156 955, 156 803,  252
34,Niedersachsen,Statistische Region Braunschweig,Göttingen, 198.75, 31 341, 15 426, 15 915,  158
34,Nordrhein-Westfalen,Reg.-Bez. Detmold,Höxter, 436.18, 40 371, 20 232, 20 139,  93
34,Nordrhein-Westfalen,Reg.-Bez. Arnsberg,Hochsauerlandkreis, 182.22, 19 736, 10 165, 9 571,  108
34,Hessen,Reg.-Bez. Kassel,"Kassel, documenta-Stadt", 106.79, 204 202, 99 986, 104 216, 1 912
34,Hessen,Reg.-Bez. Kassel,Kassel,1 110.81, 240 718, 117 984, 122 734,  217
34,Hessen,Reg.-Bez. Kassel,Schwalm-Eder-Kreis,1 494.99, 179 306, 89 684, 89 622,  120
34,Hessen,Reg.-Bez. Kassel,Waldeck-Frankenberg,1 126.83, 103 312, 51 150, 52 162,  92
35,Hessen,Reg.-Bez. Darmstadt,Wetteraukreis, 154.37, 37 779, 19 073, 18 706,  245
35,Hessen,Reg.-Bez. Gießen,Gießen, 854.56, 278 664, 136 879, 141 785,  326
35,Hessen,Reg.-Bez. Gießen,Lahn-Dill-Kreis,1 066.30, 257 289, 126 692, 130 597,  241
35,Hessen,Reg.-Bez. Gießen,Limburg-Weilburg, 260.35, 40 111, 19 911, 20 200,  154
35,Hessen,Reg.-Bez. Gießen,Marburg-Biedenkopf,1 262.37, 249 684, 122 463, 127 221,  198
35,Hessen,Reg.-Bez. Gießen,Vogelsbergkreis, 294.88, 22 794, 11 437, 11 357,  77
35,Hessen,Reg.-Bez. Kassel,Waldeck-Frankenberg, 686.66, 53 911, 27 081, 26 830,  79
36,Hessen,Reg.-Bez. Darmstadt,Main-Kinzig-Kreis, 329.98, 35 362, 17 602, 17 760,  107
36,Hessen,Reg.-Bez. Gießen,Vogelsbergkreis,1 030.48, 73 994, 36 712, 37 282,  72
36,Hessen,Reg.-Bez. Kassel,Fulda,1 380.41, 227 456, 113 060, 114 396,  165
36,Hessen,Reg.-Bez. Kassel,Hersfeld-Rotenburg,1 097.75, 121 566, 60 827, 60 739,  111
36,Hessen,Reg.-Bez. Kassel,Schwalm-Eder-Kreis, 44.01, 3 289, 1 686, 1 603,  75
36,Hessen,Reg.-Bez. Kassel,Werra-Meißner-Kreis, 111.28, 7 561, 3 812, 3 749,  68
36,Thüringen,,Wartburgkreis, 602.42, 67 241, 33 251, 33 990,  112
36,Thüringen,,Schmalkalden-Meiningen, 94.41, 5 716, 2 913, 2 803,  61
37,Niedersachsen,Statistische Region Braunschweig,Northeim,1 091.49, 133 258, 65 576, 67 682,  122
37,Niedersachsen,Statistische Region Braunschweig,Göttingen,1 288.81, 297 117, 145 601, 151 516,  231
37,Niedersachsen,Statistische Region Hannover,Holzminden, 507.70, 62 047, 30 714, 31 333,  122
37,Nordrhein-Westfalen,Reg.-Bez. Detmold,Höxter, 320.62, 46 917, 23 192, 23 725,  146
37,Hessen,Reg.-Bez. Kassel,Werra-Meißner-Kreis, 863.23, 92 647, 45 588, 47 059,  107
37,Thüringen,,Eichsfeld, 943.07, 100 091, 50 150, 49 941,  106
38,Niedersachsen,Statistische Region Braunschweig,"Braunschweig, Stadt", 192.70, 251 804, 124 770, 127 034, 1 307
38,Niedersachsen,Statistische Region Braunschweig,"Salzgitter, Stadt", 224.49, 104 548, 51 829, 52 719,  466
38,Niedersachsen,Statistische Region Braunschweig,"Wolfsburg, Stadt", 204.62, 125 961, 62 441, 63 520,  616
38,Niedersachsen,Statistische Region Braunschweig,Gifhorn, 835.05, 145 868, 72 405, 73 463,  175
38,Niedersachsen,Statistische Region Braunschweig,Goslar, 594.33, 134 672, 66 690, 67 982,  227
38,Niedersachsen,Statistische Region Braunschweig,Helmstedt, 616.58, 92 470, 45 648, 46 822,  150
38,Niedersachsen,Statistische Region Braunschweig,Peine, 170.73, 43 269, 21 448, 21 821,  253
38,Niedersachsen,Statistische Region Braunschweig,Wolfenbüttel, 711.42, 120 531, 59 652, 60 879,  169
38,Sachsen-Anhalt,,Altmarkkreis Salzwedel, 545.29, 17 022, 8 465, 8 557,  31
38,Sachsen-Anhalt,,Harz,1 382.84, 142 069, 70 282, 71 787,  103
39,Sachsen-Anhalt,,"Magdeburg, Landeshauptstadt", 201.04, 239 364, 117 729, 121 635, 1 191
39,Sachsen-Anhalt,,Altmarkkreis Salzwedel,1 176.11, 36 258, 18 122, 18 136,  31
39,Sachsen-Anhalt,,Anhalt-Bitterfeld, 468.94, 21 519, 10 562, 10 957,  46
39,Sachsen-Anhalt,,Börde,2 367.65, 171 393, 85 383, 86 010,  72
39,Sachsen-Anhalt,,Harz, 32.62, 2 402, 1 174, 1 228,  74
39,Sachsen-Anhalt,,Jerichower Land,1 579.10, 90 256, 44 854, 45 402,  57
39,Sachsen-Anhalt,,Salzlandkreis, 791.94, 100 008, 48 841, 51 167,  126
39,Sachsen-Anhalt,,Stendal,2 359.34, 109 196, 53 615, 55 581,  46
40,Nordrhein-Westfalen,Reg.-Bez. Düsseldorf,"Düsseldorf, Stadt", 217.41, 629 047, 303 510, 325 537, 2 893
40,Nordrhein-Westfalen,Reg.-Bez. Düsseldorf,Mettmann, 248.33, 329 026, 158 426, 170 600, 1 325
40,Nordrhein-Westfalen,Reg.-Bez. Düsseldorf,Rhein-Kreis Neuss, 64.40, 57 422, 27 460, 29 962,  892
41,Nordrhein-Westfalen,Reg.-Bez. Düsseldorf,"Mönchengladbach, Stadt", 170.47, 268 465, 132 961, 135 504, 1 575
41,Nordrhein-Westfalen,Reg.-Bez. Düsseldorf,Rhein-Kreis Neuss, 512.21, 399 842, 194 252, 205 590,  781
41,Nordrhein-Westfalen,Reg.-Bez. Düsseldorf,Viersen, 351.36, 171 698, 83 661, 88 037,  489
41,Nordrhein-Westfalen,Reg.-Bez. Köln,Heinsberg, 305.38, 132 929, 65 272, 67 657,  435
42,Nordrhein-Westfalen,Reg.-Bez. Düsseldorf,"Remscheid, Stadt", 74.52, 112 613, 55 709, 56 904, 1 511
42,Nordrhein-Westfalen,Reg.-Bez. Düsseldorf,"Solingen, Klingenstadt", 89.54, 160 643, 78 038, 82 605, 1 794
42,Nordrhein-Westfalen,Reg.-Bez. Düsseldorf,"Wuppertal, Stadt", 168.39, 358 876, 175 788, 183 088, 2 131
42,Nordrhein-Westfalen,Reg.-Bez. Düsseldorf,Mettmann, 158.89, 160 768, 78 137, 82 631, 1 012
42,Nordrhein-Westfalen,Reg.-Bez. Köln,Oberbergischer Kreis, 104.39, 37 047, 18 169, 18 878,  355
42,Nordrhein-Westfalen,Reg.-Bez. Köln,Rheinisch-Bergischer Kreis, 112.06, 62 787, 30 247, 32 540,  560
44,Nordrhein-Westfalen,Reg.-Bez. Münster,Recklinghausen, 51.68, 73 795, 35 946, 37 849, 1 428
44,Nordrhein-Westfalen,Reg.-Bez. Arnsberg,"Bochum, Stadt", 145.66, 365 742, 178 377, 187 365, 2 511
44,Nordrhein-Westfalen,Reg.-Bez. Arnsberg,"Dortmund, Stadt", 280.71, 593 317, 290 847, 302 470, 2 114
44,Nordrhein-Westfalen,Reg.-Bez. Arnsberg,"Herne, Stadt", 51.42, 157 368, 77 053, 80 315, 3 060
44,Nordrhein-Westfalen,Reg.-Bez. Arnsberg,Unna, 59.39, 86 868, 42 222, 44 646, 1 463
45,Nordrhein-Westfalen,Reg.-Bez. Düsseldorf,"Essen, Stadt", 210.34, 584 580, 284 152, 300 428, 2 779
45,Nordrhein-Westfalen,Reg.-Bez. Düsseldorf,"Mülheim an der Ruhr, Stadt", 91.28, 172 404, 83 069, 89 335, 1 889
45,Nordrhein-Westfalen,Reg.-Bez. Münster,"Gelsenkirchen, Stadt", 104.94, 263 000, 130 545, 132 455, 2 506
45,Nordrhein-Westfalen,Reg.-Bez. Münster,Recklinghausen, 538.43, 469 217, 228 026, 241 191,  871
45,Nordrhein-Westfalen,Reg.-Bez. Arnsberg,Ennepe-Ruhr-Kreis, 119.61, 79 475, 38 503, 40 972,  664
46,Nordrhein-Westfalen,Reg.-Bez. Düsseldorf,"Oberhausen, Stadt", 77.09, 210 824, 102 910, 107 914, 2 735
46,Nordrhein-Westfalen,Reg.-Bez. Düsseldorf,Kleve, 190.26, 53 019, 26 465, 26 554,  279
46,Nordrhein-Westfalen,Reg.-Bez. Düsseldorf,Wesel, 737.83, 254 033, 123 823, 130 210,  344
46,Nordrhein-Westfalen,Reg.-Bez. Münster,"Bottrop, Stadt", 100.61, 118 113, 57 364, 60 749, 1 174
46,Nordrhein-Westfalen,Reg.-Bez. Münster,Borken, 621.73, 189 291, 93 764, 95 527,  304
46,Nordrhein-Westfalen,Reg.-Bez. Münster,Recklinghausen, 171.20, 76 720, 37 154, 39 566,  448
47,Nordrhein-Westfalen,Reg.-Bez. Düsseldorf,"Duisburg, Stadt", 232.84, 502 211, 247 892, 254 319, 2 157
47,Nordrhein-Westfalen,Reg.-Bez. Düsseldorf,"Krefeld, Stadt", 137.78, 228 426, 111 189, 117 237, 1 658
47,Nordrhein-Westfalen,Reg.-Bez. Düsseldorf,Kleve,1 042.73, 266 271, 132 501, 133 770,  255
47,Nordrhein-Westfalen,Reg.-Bez. Düsseldorf,Viersen, 211.92, 129 184, 62 974, 66 210,  610
47,Nordrhein-Westfalen,Reg.-Bez. Düsseldorf,Wesel, 304.93, 211 805, 103 046, 108 759,  695
48,Niedersachsen,Statistische Region Weser-Ems,Emsland, 284.10, 33 376, 16 786, 16 590,  117
48,Niedersachsen,Statistische Region Weser-Ems,Grafschaft Bentheim, 383.16, 87 778, 43 430, 44 348,  229
48,Nordrhein-Westfalen,Reg.-Bez. Münster,"Münster, Stadt", 303.28, 320 946, 153 935, 167 011, 1 058
48,Nordrhein-Westfalen,Reg.-Bez. Münster,Borken, 799.26, 189 779, 95 613, 94 166,  237
48,Nordrhein-Westfalen,Reg.-Bez. Münster,Coesfeld, 760.34, 159 956, 78 871, 81 085,  210
48,Nordrhein-Westfalen,Reg.-Bez. Münster,Steinfurt,1 182.00, 306 816, 152 930, 153 886,  260
48,Nordrhein-Westfalen,Reg.-Bez. Münster,Warendorf, 739.47, 129 318, 63 715, 65 603,  175
49,Niedersachsen,Statistische Region Hannover,Diepholz, 666.29, 52 971, 26 477, 26 494,  80
49,Niedersachsen,Statistische Region Weser-Ems,"Osnabrück, Stadt", 119.80, 167 366, 80 755, 86 611, 1 397
49,Niedersachsen,Statistische Region Weser-Ems,Cloppenburg, 864.68, 117 966, 59 663, 58 303,  136
49,Niedersachsen,Statistische Region Weser-Ems,Emsland,1 920.92, 224 085, 113 199, 110 886,  117
49,Niedersachsen,Statistische Region Weser-Ems,Grafschaft Bentheim, 598.63, 53 491, 27 078, 26 413,  89
49,Niedersachsen,Statistische Region Weser-Ems,Osnabrück,2 121.80, 366 221, 181 603, 184 618,  173
49,Niedersachsen,Statistische Region Weser-Ems,Vechta, 814.21, 146 924, 73 728, 73 196,  180
49,Nordrhein-Westfalen,Reg.-Bez. Münster,Steinfurt, 613.75, 149 648, 74 256, 75 392,  244
50,Nordrhein-Westfalen,Reg.-Bez. Köln,"Köln, Stadt", 405.02,1 084 831, 526 588, 558 243, 2 678
50,Nordrhein-Westfalen,Reg.-Bez. Köln,Rhein-Erft-Kreis, 704.72, 478 126, 232 974, 245 152,  678
51,Nordrhein-Westfalen,Reg.-Bez. Köln,"Leverkusen, Stadt", 78.87, 165 748, 80 681, 85 067, 2 102
51,Nordrhein-Westfalen,Reg.-Bez. Köln,Oberbergischer Kreis, 814.46, 238 357, 117 019, 121 338,  293
51,Nordrhein-Westfalen,Reg.-Bez. Köln,Rheinisch-Bergischer Kreis, 325.26, 223 426, 108 066, 115 360,  687
51,Nordrhein-Westfalen,Reg.-Bez. Köln,Rhein-Sieg-Kreis, 107.22, 19 203, 9 591, 9 612,  179
51,Rheinland-Pfalz,früher: Reg.-Bez. Koblenz,Altenkirchen (Westerwald), 51.36, 1 619,  815,  804,  32
52,Nordrhein-Westfalen,Reg.-Bez. Köln,Städteregion Aachen, 706.91, 562 559, 283 670, 278 889,  796
52,Nordrhein-Westfalen,Reg.-Bez. Köln,Düren, 941.58, 270 833, 134 058, 136 775,  288
52,Nordrhein-Westfalen,Reg.-Bez. Köln,Heinsberg, 322.54, 128 904, 64 217, 64 687,  400
53,Nordrhein-Westfalen,Reg.-Bez. Köln,"Bonn, Stadt", 141.06, 336 465, 160 769, 175 696, 2 385
53,Nordrhein-Westfalen,Reg.-Bez. Köln,Euskirchen,1 248.73, 197 247, 97 449, 99 798,  158
53,Nordrhein-Westfalen,Reg.-Bez. Köln,Rhein-Sieg-Kreis,1 045.98, 589 132, 287 924, 301 208,  563
53,Rheinland-Pfalz,früher: Reg.-Bez. Koblenz,Ahrweiler, 664.45, 108 772, 53 597, 55 175,  164
53,Rheinland-Pfalz,früher: Reg.-Bez. Koblenz,Neuwied, 250.08, 68 568, 33 820, 34 748,  274
53,Rheinland-Pfalz,früher: Reg.-Bez. Trier,Vulkaneifel, 60.28, 3 163, 1 607, 1 556,  52
54,Rheinland-Pfalz,früher: Reg.-Bez. Koblenz,Birkenfeld, 8.21,  171,  84,  87,  21
54,Rheinland-Pfalz,früher: Reg.-Bez. Trier,"Trier, kreisfreie Stadt", 117.06, 112 195, 55 489, 56 706,  958
54,Rheinland-Pfalz,früher: Reg.-Bez. Trier,Bernkastel-Wittlich,1 067.54, 105 199, 52 586, 52 613,  99
54,Rheinland-Pfalz,früher: Reg.-Bez. Trier,Eifelkreis Bitburg-Prüm,1 626.95, 103 642, 52 202, 51 440,  64
54,Rheinland-Pfalz,früher: Reg.-Bez. Trier,Vulkaneifel, 789.05, 55 263, 27 656, 27 607,  70
54,Rheinland-Pfalz,früher: Reg.-Bez. Trier,Trier-Saarburg,1 102.25, 153 860, 76 695, 77 165,  140
55,Rheinland-Pfalz,früher: Reg.-Bez. Koblenz,Bad Kreuznach, 807.57, 156 904, 76 548, 80 356,  194
55,Rheinland-Pfalz,früher: Reg.-Bez. Koblenz,Birkenfeld, 768.62, 81 589, 40 424, 41 165,  106
55,Rheinland-Pfalz,früher: Reg.-Bez. Koblenz,Rhein-Hunsrück-Kreis, 513.22, 52 611, 26 113, 26 498,  103
55,Rheinland-Pfalz,früher: Reg.-Bez. Rheinhessen-Pfalz,"Mainz, kreisfreie Stadt", 97.73, 220 552, 107 358, 113 194, 2 257
55,Rheinland-Pfalz,früher: Reg.-Bez. Rheinhessen-Pfalz,Alzey-Worms, 388.38, 86 913, 43 149, 43 764,  224
55,Rheinland-Pfalz,früher: Reg.-Bez. Rheinhessen-Pfalz,Mainz-Bingen, 573.66, 209 028, 102 874, 106 154,  364
56,Rheinland-Pfalz,früher: Reg.-Bez. Koblenz,"Koblenz, kreisfreie Stadt", 105.25, 115 268, 56 506, 58 762, 1 095
56,Rheinland-Pfalz,früher: Reg.-Bez. Koblenz,Ahrweiler, 122.58, 19 389, 9 816, 9 573,  158
56,Rheinland-Pfalz,früher: Reg.-Bez. Koblenz,Altenkirchen (Westerwald), 25.18, 6 679, 3 356, 3 323,  265
56,Rheinland-Pfalz,früher: Reg.-Bez. Koblenz,Cochem-Zell, 692.43, 62 666, 31 329, 31 337,  91
56,Rheinland-Pfalz,früher: Reg.-Bez. Koblenz,Mayen-Koblenz, 817.73, 218 210, 107 696, 110 514,  267
56,Rheinland-Pfalz,früher: Reg.-Bez. Koblenz,Neuwied, 341.08, 114 696, 56 389, 58 307,  336
56,Rheinland-Pfalz,früher: Reg.-Bez. Koblenz,Rhein-Hunsrück-Kreis, 477.84, 52 955, 26 271, 26 684,  111
56,Rheinland-Pfalz,früher: Reg.-Bez. Koblenz,Rhein-Lahn-Kreis, 642.90, 92 813, 45 579, 47 234,  144
56,Rheinland-Pfalz,früher: Reg.-Bez. Koblenz,Westerwaldkreis, 790.34, 175 520, 86 867, 88 653,  222
56,Rheinland-Pfalz,früher: Reg.-Bez. Trier,Bernkastel-Wittlich, 100.39, 9 900, 4 867, 5 033,  99
56,Rheinland-Pfalz,früher: Reg.-Bez. Trier,Vulkaneifel, 62.31, 3 343, 1 665, 1 678,  54
57,Nordrhein-Westfalen,Reg.-Bez. Arnsberg,Hochsauerlandkreis, 303.10, 24 878, 12 567, 12 311,  82
57,Nordrhein-Westfalen,Reg.-Bez. Arnsberg,Olpe, 712.11, 134 439, 67 321, 67 118,  189
57,Nordrhein-Westfalen,Reg.-Bez. Arnsberg,Siegen-Wittgenstein,1 132.89, 277 136, 137 437, 139 699,  245
57,Rheinland-Pfalz,früher: Reg.-Bez. Koblenz,Altenkirchen (Westerwald), 565.84, 123 169, 60 789, 62 380,  218
57,Rheinland-Pfalz,früher: Reg.-Bez. Koblenz,Neuwied, 35.90, 4 176, 2 065, 2 111,  116
57,Rheinland-Pfalz,früher: Reg.-Bez. Koblenz,Westerwaldkreis, 198.70, 30 762, 15 303, 15 459,  155
58,Nordrhein-Westfalen,Reg.-Bez. Arnsberg,"Hagen, Stadt der FernUniversität", 160.45, 189 783, 92 810, 96 973, 1 183
58,Nordrhein-Westfalen,Reg.-Bez. Arnsberg,Ennepe-Ruhr-Kreis, 290.03, 245 718, 119 214, 126 504,  847
58,Nordrhein-Westfalen,Reg.-Bez. Arnsberg,Märkischer Kreis,1 061.09, 410 346, 201 533, 208 813,  387
58,Nordrhein-Westfalen,Reg.-Bez. Arnsberg,Soest, 25.24, 12 967, 6 536, 6 431,  514
58,Nordrhein-Westfalen,Reg.-Bez. Arnsberg,Unna, 112.45, 67 206, 32 988, 34 218,  598
59,Nordrhein-Westfalen,Reg.-Bez. Münster,Coesfeld, 351.70, 64 736, 31 894, 32 842,  184
59,Nordrhein-Westfalen,Reg.-Bez. Münster,Warendorf, 579.94, 152 945, 75 658, 77 287,  264
59,Nordrhein-Westfalen,Reg.-Bez. Arnsberg,"Hamm, Stadt", 226.43, 180 849, 89 104, 91 745,  799
59,Nordrhein-Westfalen,Reg.-Bez. Arnsberg,Hochsauerlandkreis,1 474.84, 217 033, 107 722, 109 311,  147
59,Nordrhein-Westfalen,Reg.-Bez. Arnsberg,Soest,1 303.40, 293 101, 145 639, 147 462,  225
59,Nordrhein-Westfalen,Reg.-Bez. Arnsberg,Unna, 371.36, 244 792, 119 689, 125 103,  659
59,Hessen,Reg.-Bez. Kassel,Waldeck-Frankenberg, 35.22, 1 931,  995,  936,  55
60,Hessen,Reg.-Bez. Darmstadt,"Frankfurt am Main, Stadt", 248.31, 773 068, 380 566, 392 502, 3 113
61,Hessen,Reg.-Bez. Darmstadt,Hochtaunuskreis, 481.84, 239 488, 115 782, 123 706,  497
61,Hessen,Reg.-Bez. Darmstadt,Main-Kinzig-Kreis, 74.75, 36 720, 18 091, 18 629,  491
61,Hessen,Reg.-Bez. Darmstadt,Wetteraukreis, 438.86, 190 348, 93 505, 96 843,  434
63,Hessen,Reg.-Bez. Darmstadt,"Offenbach am Main, Stadt", 44.88, 134 170, 66 650, 67 520, 2 990
63,Hessen,Reg.-Bez. Darmstadt,Main-Kinzig-Kreis, 903.30, 358 756, 176 637, 182 119,  397
63,Hessen,Reg.-Bez. Darmstadt,Offenbach, 356.24, 362 137, 178 293, 183 844, 1 017
63,Hessen,Reg.-Bez. Darmstadt,Wetteraukreis, 507.43, 89 171, 44 492, 44 679,  176
63,Hessen,Reg.-Bez. Gießen,Vogelsbergkreis, 133.56, 10 045, 5 105, 4 940,  75
63,Bayern,Unterfranken,Aschaffenburg, 62.45, 72 444, 35 160, 37 284, 1 160
63,Bayern,Unterfranken,Aschaffenburg, 507.04, 176 958, 87 610, 89 348,  349
63,Bayern,Unterfranken,Miltenberg, 610.30, 120 289, 59 652, 60 637,  197
64,Hessen,Reg.-Bez. Darmstadt,"Darmstadt, Wissenschaftsstadt", 122.07, 162 243, 82 530, 79 713, 1 329
64,Hessen,Reg.-Bez. Darmstadt,Bergstraße, 303.79, 133 219, 65 723, 67 496,  439
64,Hessen,Reg.-Bez. Darmstadt,Darmstadt-Dieburg, 658.64, 300 658, 148 978, 151 680,  456
64,Hessen,Reg.-Bez. Darmstadt,Groß-Gerau, 293.64, 135 782, 68 059, 67 723,  462
64,Hessen,Reg.-Bez. Darmstadt,Odenwaldkreis, 623.97, 97 577, 48 156, 49 421,  156
65,Hessen,Reg.-Bez. Darmstadt,"Wiesbaden, Landeshauptstadt", 203.87, 283 083, 135 153, 147 930, 1 389
65,Hessen,Reg.-Bez. Darmstadt,Groß-Gerau, 159.39, 144 526, 72 290, 72 236,  907
65,Hessen,Reg.-Bez. Darmstadt,Main-Taunus-Kreis, 222.53, 242 420, 118 745, 123 675, 1 089
65,Hessen,Reg.-Bez. Darmstadt,Rheingau-Taunus-Kreis, 811.40, 189 614, 92 814, 96 800,  234
65,Hessen,Reg.-Bez. Gießen,Limburg-Weilburg, 478.09, 134 773, 66 764, 68 009,  282
65,Rheinland-Pfalz,früher: Reg.-Bez. Koblenz,Rhein-Lahn-Kreis, 139.34, 31 568, 15 811, 15 757,  227
66,Rheinland-Pfalz,früher: Reg.-Bez. Rheinhessen-Pfalz,"Pirmasens, kreisfreie Stadt", 61.35, 40 682, 19 921, 20 761,  663
66,Rheinland-Pfalz,früher: Reg.-Bez. Rheinhessen-Pfalz,"Zweibrücken, kreisfreie Stadt", 70.64, 34 534, 17 075, 17 459,  489
66,Rheinland-Pfalz,früher: Reg.-Bez. Rheinhessen-Pfalz,Kaiserslautern, 248.90, 49 615, 24 410, 25 205,  199
66,Rheinland-Pfalz,früher: Reg.-Bez. Rheinhessen-Pfalz,Kusel, 364.44, 55 840, 27 975, 27 865,  153
66,Rheinland-Pfalz,früher: Reg.-Bez. Rheinhessen-Pfalz,Südwestpfalz, 708.51, 74 187, 36 566, 37 621,  105
66,Saarland,,Regionalverband Saarbrücken, 410.95, 330 848, 162 630, 168 218,  805
66,Saarland,,Merzig-Wadern, 555.63, 104 425, 51 552, 52 873,  188
66,Saarland,,Neunkirchen, 249.80, 132 283, 65 064, 67 219,  530
66,Saarland,,Saarlouis, 459.35, 195 749, 95 910, 99 839,  426
66,Saarland,,Saarpfalz-Kreis, 418.28, 142 419, 69 192, 73 227,  340
66,Saarland,,St. Wendel, 476.48, 86 942, 42 753, 44 189,  182
67,Rheinland-Pfalz,früher: Reg.-Bez. Koblenz,Bad Kreuznach, 56.33, 4 403, 2 182, 2 221,  78
67,Rheinland-Pfalz,früher: Reg.-Bez. Rheinhessen-Pfalz,"Frankenthal (Pfalz), kreisfreie Stadt", 43.88, 49 051, 23 923, 25 128, 1 118
67,Rheinland-Pfalz,früher: Reg.-Bez. Rheinhessen-Pfalz,"Kaiserslautern, kreisfreie Stadt", 139.70, 101 228, 50 948, 50 280,  725
67,Rheinland-Pfalz,früher: Reg.-Bez. Rheinhessen-Pfalz,"Ludwigshafen am Rhein, kreisfreie Stadt", 77.43, 174 265, 87 539, 86 726, 2 251
67,Rheinland-Pfalz,früher: Reg.-Bez. Rheinhessen-Pfalz,"Neustadt an der Weinstraße, kreisfreie Stadt", 117.09, 53 981, 26 306, 27 675,  461
67,Rheinland-Pfalz,früher: Reg.-Bez. Rheinhessen-Pfalz,"Speyer, kreisfreie Stadt", 42.71, 51 368, 25 130, 26 238, 1 203
67,Rheinland-Pfalz,früher: Reg.-Bez. Rheinhessen-Pfalz,"Worms, kreisfreie Stadt", 108.73, 84 646, 41 957, 42 689,  779
67,Rheinland-Pfalz,früher: Reg.-Bez. Rheinhessen-Pfalz,Alzey-Worms, 199.69, 45 623, 22 548, 23 075,  228
67,Rheinland-Pfalz,früher: Reg.-Bez. Rheinhessen-Pfalz,Bad Dürkheim, 594.64, 134 546, 65 716, 68 830,  226
67,Rheinland-Pfalz,früher: Reg.-Bez. Rheinhessen-Pfalz,Donnersbergkreis, 645.41, 76 208, 37 684, 38 524,  118
67,Rheinland-Pfalz,früher: Reg.-Bez. Rheinhessen-Pfalz,Germersheim, 78.62, 19 275, 9 601, 9 674,  245
67,Rheinland-Pfalz,früher: Reg.-Bez. Rheinhessen-Pfalz,Kaiserslautern, 391.10, 58 601, 28 703, 29 898,  150
67,Rheinland-Pfalz,früher: Reg.-Bez. Rheinhessen-Pfalz,Kusel, 209.17, 15 622, 7 719, 7 903,  75
67,Rheinland-Pfalz,früher: Reg.-Bez. Rheinhessen-Pfalz,Südliche Weinstraße, 120.57, 23 348, 11 603, 11 745,  194
67,Rheinland-Pfalz,früher: Reg.-Bez. Rheinhessen-Pfalz,Rhein-Pfalz-Kreis, 304.99, 155 921, 76 581, 79 340,  511
67,Rheinland-Pfalz,früher: Reg.-Bez. Rheinhessen-Pfalz,Mainz-Bingen, 31.67, 5 920, 2 871, 3 049,  187
67,Rheinland-Pfalz,früher: Reg.-Bez. Rheinhessen-Pfalz,Südwestpfalz, 62.47, 8 234, 4 037, 4 197,  132
68,Hessen,Reg.-Bez. Darmstadt,Bergstraße, 215.15, 97 006, 47 967, 49 039,  451
68,Baden-Württemberg,Reg.-Bez. Karlsruhe,Karlsruhe, 61.76, 31 154, 15 440, 15 714,  504
68,Baden-Württemberg,Reg.-Bez. Karlsruhe,"Mannheim, Stadtkreis", 144.97, 315 554, 157 130, 158 424, 2 177
68,Baden-Württemberg,Reg.-Bez. Karlsruhe,Rhein-Neckar-Kreis, 217.22, 177 267, 86 733, 90 534,  816
69,Hessen,Reg.-Bez. Darmstadt,Bergstraße, 195.64, 44 980, 22 236, 22 744,  230
69,Baden-Württemberg,Reg.-Bez. Karlsruhe,"Heidelberg, Stadtkreis", 108.83, 162 273, 77 561, 84 712, 1 491
69,Baden-Württemberg,Reg.-Bez. Karlsruhe,Neckar-Odenwald-Kreis, 171.80, 12 783, 6 430, 6 353,  74
69,Baden-Württemberg,Reg.-Bez. Karlsruhe,Rhein-Neckar-Kreis, 530.42, 301 820, 147 854, 153 966,  569
70,Baden-Württemberg,Reg.-Bez. Stuttgart,"Stuttgart, Stadtkreis", 207.33, 632 865, 315 634, 317 231, 3 052
70,Baden-Württemberg,Reg.-Bez. Stuttgart,Esslingen, 68.44, 86 608, 42 831, 43 777, 1 265
70,Baden-Württemberg,Reg.-Bez. Stuttgart,Ludwigsburg, 52.37, 73 938, 36 533, 37 405, 1 412
70,Baden-Württemberg,Reg.-Bez. Stuttgart,Rems-Murr-Kreis, 27.71, 45 896, 22 275, 23 621, 1 657
71,Baden-Württemberg,Reg.-Bez. Stuttgart,Böblingen, 606.35, 395 085, 196 028, 199 057,  652
71,Baden-Württemberg,Reg.-Bez. Stuttgart,Ludwigsburg, 416.70, 341 950, 169 327, 172 623,  821
71,Baden-Württemberg,Reg.-Bez. Stuttgart,Rems-Murr-Kreis, 494.70, 266 504, 131 783, 134 721,  539
71,Baden-Württemberg,Reg.-Bez. Stuttgart,Heilbronn, 55.27, 13 023, 6 446, 6 577,  236
71,Baden-Württemberg,Reg.-Bez. Karlsruhe,Enzkreis, 47.69, 15 762, 8 148, 7 614,  331
72,Baden-Württemberg,Reg.-Bez. Stuttgart,Esslingen, 177.97, 114 145, 57 076, 57 069,  641
72,Baden-Württemberg,Reg.-Bez. Karlsruhe,Calw, 284.54, 61 460, 30 995, 30 465,  216
72,Baden-Württemberg,Reg.-Bez. Karlsruhe,Freudenstadt, 797.25, 119 074, 59 496, 59 578,  149
72,Baden-Württemberg,Reg.-Bez. Freiburg,Rottweil, 157.25, 23 552, 11 747, 11 805,  150
72,Baden-Württemberg,Reg.-Bez. Tübingen,Reutlingen,1 047.08, 289 373, 143 145, 146 228,  276
72,Baden-Württemberg,Reg.-Bez. Tübingen,Tübingen, 519.12, 232 803, 113 022, 119 781,  448
72,Baden-Württemberg,Reg.-Bez. Tübingen,Zollernalbkreis, 917.58, 193 235, 95 712, 97 523,  211
72,Baden-Württemberg,Reg.-Bez. Tübingen,Alb-Donau-Kreis, 45.49, 5 949, 2 961, 2 988,  131
72,Baden-Württemberg,Reg.-Bez. Tübingen,Sigmaringen, 468.91, 54 068, 27 490, 26 578,  115
73,Baden-Württemberg,Reg.-Bez. Stuttgart,Esslingen, 394.87, 339 473, 169 273, 170 200,  860
73,Baden-Württemberg,Reg.-Bez. Stuttgart,Göppingen, 591.26, 256 208, 127 267, 128 941,  433
73,Baden-Württemberg,Reg.-Bez. Stuttgart,Rems-Murr-Kreis, 335.67, 119 997, 59 338, 60 659,  357
73,Baden-Württemberg,Reg.-Bez. Stuttgart,Ostalbkreis,1 456.87, 314 698, 156 593, 158 105,  216
73,Baden-Württemberg,Reg.-Bez. Tübingen,Alb-Donau-Kreis, 49.80, 4 166, 2 088, 2 078,  84
74,Baden-Württemberg,Reg.-Bez. Stuttgart,Ludwigsburg, 217.70, 135 163, 66 968, 68 195,  621
74,Baden-Württemberg,Reg.-Bez. Stuttgart,"Heilbronn, Stadtkreis", 99.89, 128 334, 64 610, 63 724, 1 285
74,Baden-Württemberg,Reg.-Bez. Stuttgart,Heilbronn, 936.98, 312 518, 156 739, 155 779,  334
74,Baden-Württemberg,Reg.-Bez. Stuttgart,Hohenlohekreis, 776.75, 115 063, 57 914, 57 149,  148
74,Baden-Württemberg,Reg.-Bez. Stuttgart,Schwäbisch Hall,1 484.08, 202 834, 101 772, 101 062,  137
74,Baden-Württemberg,Reg.-Bez. Stuttgart,Main-Tauber-Kreis, 53.93, 2 238, 1 151, 1 087,  42
74,Baden-Württemberg,Reg.-Bez. Stuttgart,Ostalbkreis, 54.52, 4 933, 2 474, 2 459,  90
74,Baden-Württemberg,Reg.-Bez. Karlsruhe,Neckar-Odenwald-Kreis, 954.14, 132 710, 66 519, 66 191,  139
74,Baden-Württemberg,Reg.-Bez. Karlsruhe,Rhein-Neckar-Kreis, 313.91, 76 265, 37 944, 38 321,  243
75,Baden-Württemberg,Reg.-Bez. Stuttgart,Böblingen, 11.41, 3 443, 1 734, 1 709,  302
75,Baden-Württemberg,Reg.-Bez. Stuttgart,Heilbronn, 107.66, 27 742, 13 909, 13 833,  258
75,Baden-Württemberg,Reg.-Bez. Karlsruhe,Karlsruhe, 197.72, 65 288, 32 468, 32 820,  330
75,Baden-Württemberg,Reg.-Bez. Karlsruhe,"Pforzheim, Stadtkreis", 97.99, 127 849, 62 926, 64 923, 1 305
75,Baden-Württemberg,Reg.-Bez. Karlsruhe,Calw, 479.75, 93 181, 46 696, 46 485,  194
75,Baden-Württemberg,Reg.-Bez. Karlsruhe,Enzkreis, 525.91, 186 774, 92 170, 94 604,  355
76,Rheinland-Pfalz,früher: Reg.-Bez. Rheinhessen-Pfalz,"Landau in der Pfalz, kreisfreie Stadt", 82.94, 47 610, 22 627, 24 983,  574
76,Rheinland-Pfalz,früher: Reg.-Bez. Rheinhessen-Pfalz,Germersheim, 384.70, 111 518, 55 389, 56 129,  290
76,Rheinland-Pfalz,früher: Reg.-Bez. Rheinhessen-Pfalz,Südliche Weinstraße, 519.36, 89 283, 43 776, 45 507,  172
76,Rheinland-Pfalz,früher: Reg.-Bez. Rheinhessen-Pfalz,Südwestpfalz, 182.55, 12 478, 6 141, 6 337,  68
76,Baden-Württemberg,Reg.-Bez. Karlsruhe,"Baden-Baden, Stadtkreis", 140.19, 57 025, 27 240, 29 785,  407
76,Baden-Württemberg,Reg.-Bez. Karlsruhe,"Karlsruhe, Stadtkreis", 173.42, 308 707, 157 553, 151 154, 1 780
76,Baden-Württemberg,Reg.-Bez. Karlsruhe,Karlsruhe, 825.50, 358 171, 178 236, 179 935,  434
76,Baden-Württemberg,Reg.-Bez. Karlsruhe,Rastatt, 548.25, 179 247, 88 969, 90 278,  327
76,Baden-Württemberg,Reg.-Bez. Karlsruhe,Calw, 33.01, 8 212, 4 009, 4 203,  249
77,Baden-Württemberg,Reg.-Bez. Karlsruhe,Rastatt, 190.18, 55 734, 27 714, 28 020,  293
77,Baden-Württemberg,Reg.-Bez. Karlsruhe,Freudenstadt, 73.15, 2 090, 1 065, 1 025,  29
77,Baden-Württemberg,Reg.-Bez. Freiburg,Ortenaukreis,1 795.90, 437 614, 218 199, 219 415,  244
77,Baden-Württemberg,Reg.-Bez. Freiburg,Rottweil, 76.35, 5 676, 2 847, 2 829,  74
78,Baden-Württemberg,Reg.-Bez. Freiburg,Ortenaukreis, 54.45, 4 271, 2 142, 2 129,  78
78,Baden-Württemberg,Reg.-Bez. Freiburg,Rottweil, 535.82, 113 365, 56 741, 56 624,  212
78,Baden-Württemberg,Reg.-Bez. Freiburg,Schwarzwald-Baar-Kreis,1 025.34, 217 181, 107 434, 109 747,  212
78,Baden-Württemberg,Reg.-Bez. Freiburg,Tuttlingen, 716.08, 144 149, 72 572, 71 577,  201
78,Baden-Württemberg,Reg.-Bez. Freiburg,Konstanz, 817.98, 292 568, 141 939, 150 629,  358
78,Baden-Württemberg,Reg.-Bez. Tübingen,Bodenseekreis, 4.27, 2 189, 1 075, 1 114,  512
79,Baden-Württemberg,Reg.-Bez. Freiburg,"Freiburg im Breisgau, Stadtkreis", 153.04, 236 140, 112 382, 123 758, 1 543
79,Baden-Württemberg,Reg.-Bez. Freiburg,Breisgau-Hochschwarzwald,1 378.32, 269 948, 132 897, 137 051,  196
79,Baden-Württemberg,Reg.-Bez. Freiburg,Emmendingen, 679.80, 170 996, 84 495, 86 501,  252
79,Baden-Württemberg,Reg.-Bez. Freiburg,Lörrach, 806.66, 233 027, 114 220, 118 807,  289
79,Baden-Württemberg,Reg.-Bez. Freiburg,Waldshut,1 131.15, 173 460, 85 741, 87 719,  153
80,Bayern,Oberbayern,"München, Landeshauptstadt", 310.70,1 512 491, 736 806, 775 685, 4 868
82,Bayern,Oberbayern,Bad Tölz-Wolfratshausen, 369.07, 71 421, 35 260, 36 161,  194
82,Bayern,Oberbayern,Fürstenfeldbruck, 434.80, 221 612, 108 617, 112 995,  510
82,Bayern,Oberbayern,Garmisch-Partenkirchen, 928.70, 88 840, 42 925, 45 915,  96
82,Bayern,Oberbayern,Landsberg am Lech, 41.06, 7 668, 3 856, 3 812,  187
82,Bayern,Oberbayern,München, 219.55, 133 122, 64 461, 68 661,  606
82,Bayern,Oberbayern,Starnberg, 430.83, 138 785, 66 902, 71 883,  322
82,Bayern,Oberbayern,Weilheim-Schongau, 650.47, 97 232, 47 748, 49 484,  149
82,Bayern,Schwaben,Aichach-Friedberg, 16.20,  994,  527,  467,  61
83,Bayern,Oberbayern,Rosenheim, 37.22, 64 403, 31 922, 32 481, 1 730
83,Bayern,Oberbayern,Berchtesgadener Land, 810.22, 107 667, 52 850, 54 817,  133
83,Bayern,Oberbayern,Bad Tölz-Wolfratshausen, 733.59, 58 090, 28 498, 29 592,  79
83,Bayern,Oberbayern,Ebersberg, 39.93, 3 101, 1 573, 1 528,  78
83,Bayern,Oberbayern,Miesbach, 866.21, 101 346, 49 603, 51 743,  117
83,Bayern,Oberbayern,Mühldorf a.Inn, 172.58, 17 750, 8 987, 8 763,  103
83,Bayern,Oberbayern,Rosenheim,1 429.07, 266 945, 131 878, 135 067,  187
83,Bayern,Oberbayern,Traunstein,1 340.82, 172 338, 84 810, 87 528,  129
84,Bayern,Oberbayern,Altötting, 569.28, 113 798, 56 238, 57 560,  200
84,Bayern,Oberbayern,Erding, 368.21, 44 734, 22 633, 22 101,  121
84,Bayern,Oberbayern,Freising, 95.79, 9 821, 5 039, 4 782,  103
84,Bayern,Oberbayern,Mühldorf a.Inn, 625.63, 102 128, 51 557, 50 571,  163
84,Bayern,Oberbayern,Traunstein, 106.19, 8 441, 4 257, 4 184,  79
84,Bayern,Niederbayern,Landshut, 65.83, 75 457, 36 833, 38 624, 1 146
84,Bayern,Niederbayern,Kelheim, 276.51, 30 060, 15 332, 14 728,  109
84,Bayern,Niederbayern,Landshut,1 347.55, 164 773, 83 050, 81 723,  122
84,Bayern,Niederbayern,Rottal-Inn,1 075.51, 108 995, 54 283, 54 712,  101
84,Bayern,Niederbayern,Straubing-Bogen, 148.68, 10 549, 5 151, 5 398,  71
84,Bayern,Niederbayern,Dingolfing-Landau, 365.78, 49 334, 25 659, 23 675,  135
84,Bayern,Oberpfalz,Regensburg, 77.42, 8 488, 4 360, 4 128,  110
85,Bayern,Oberbayern,Ingolstadt, 133.35, 141 029, 71 308, 69 721, 1 058
85,Bayern,Oberbayern,Dachau, 550.47, 153 574, 76 517, 77 057,  279
85,Bayern,Oberbayern,Ebersberg, 433.84, 143 729, 71 596, 72 133,  331
85,Bayern,Oberbayern,Eichstätt, 863.82, 109 111, 55 159, 53 952,  126
85,Bayern,Oberbayern,Erding, 502.53, 96 946, 48 484, 48 462,  193
85,Bayern,Oberbayern,Freising, 704.06, 174 612, 88 992, 85 620,  248
85,Bayern,Oberbayern,München, 374.68, 222 768, 111 599, 111 169,  595
85,Bayern,Oberbayern,Neuburg-Schrobenhausen, 38.52, 5 088, 2 566, 2 522,  132
85,Bayern,Oberbayern,Pfaffenhofen a.d.Ilm, 708.83, 127 114, 64 455, 62 659,  179
86,Bayern,Oberbayern,Dachau, 28.68, 3 408, 1 759, 1 649,  119
86,Bayern,Oberbayern,Landsberg am Lech, 715.90, 115 364, 57 343, 58 021,  161
86,Bayern,Oberbayern,Neuburg-Schrobenhausen, 701.19, 94 869, 47 674, 47 195,  135
86,Bayern,Oberbayern,Pfaffenhofen a.d.Ilm, 52.22, 4 968, 2 573, 2 395,  95
86,Bayern,Oberbayern,Weilheim-Schongau, 315.81, 40 976, 20 511, 20 465,  130
86,Bayern,Schwaben,Augsburg, 146.85, 301 033, 148 355, 152 678, 2 050
86,Bayern,Schwaben,Aichach-Friedberg, 764.03, 136 340, 67 853, 68 487,  178
86,Bayern,Schwaben,Augsburg,1 067.35, 261 342, 129 390, 131 952,  245
86,Bayern,Schwaben,Dillingen a.d.Donau, 250.79, 24 858, 12 585, 12 273,  99
86,Bayern,Schwaben,Günzburg, 298.21, 40 912, 20 453, 20 459,  137
86,Bayern,Schwaben,Ostallgäu, 170.39, 25 490, 12 755, 12 735,  150
86,Bayern,Schwaben,Unterallgäu, 271.97, 39 853, 19 951, 19 902,  147
86,Bayern,Schwaben,Donau-Ries,1 253.57, 137 137, 69 586, 67 551,  109
87,Bayern,Schwaben,Kaufbeuren, 40.02, 45 792, 22 583, 23 209, 1 144
87,Bayern,Schwaben,Kempten (Allgäu), 63.28, 70 056, 34 669, 35 387, 1 107
87,Bayern,Schwaben,Memmingen, 70.11, 45 857, 22 647, 23 210,  654
87,Bayern,Schwaben,Ostallgäu,1 224.05, 119 888, 59 607, 60 281,  98
87,Bayern,Schwaben,Unterallgäu, 954.37, 110 215, 55 882, 54 333,  115
87,Bayern,Schwaben,Oberallgäu,1 515.93, 158 942, 78 119, 80 823,  105
88,Baden-Württemberg,Reg.-Bez. Freiburg,Tuttlingen, 18.30,  742,  358,  384,  41
88,Baden-Württemberg,Reg.-Bez. Tübingen,Reutlingen, 45.39, 2 323, 1 230, 1 093,  51
88,Baden-Württemberg,Reg.-Bez. Tübingen,Alb-Donau-Kreis, 25.09, 2 308, 1 186, 1 122,  92
88,Baden-Württemberg,Reg.-Bez. Tübingen,Biberach,1 409.52, 206 513, 104 027, 102 486,  147
88,Baden-Württemberg,Reg.-Bez. Tübingen,Bodenseekreis, 660.50, 220 523, 108 276, 112 247,  334
88,Baden-Württemberg,Reg.-Bez. Tübingen,Ravensburg,1 632.08, 290 911, 144 799, 146 112,  178
88,Baden-Württemberg,Reg.-Bez. Tübingen,Sigmaringen, 735.32, 79 977, 39 891, 40 086,  109
88,Bayern,Schwaben,Lindau (Bodensee), 323.39, 83 393, 41 121, 42 272,  258
89,Baden-Württemberg,Reg.-Bez. Stuttgart,Göppingen, 51.08, 5 649, 2 872, 2 777,  111
89,Baden-Württemberg,Reg.-Bez. Stuttgart,Heidenheim, 627.14, 135 035, 67 292, 67 743,  215
89,Baden-Württemberg,Reg.-Bez. Tübingen,"Ulm, Stadtkreis", 118.68, 128 928, 63 803, 65 125, 1 086
89,Baden-Württemberg,Reg.-Bez. Tübingen,Alb-Donau-Kreis,1 238.16, 190 053, 95 754, 94 299,  153
89,Bayern,Schwaben,Dillingen a.d.Donau, 541.45, 74 251, 37 041, 37 210,  137
89,Bayern,Schwaben,Günzburg, 460.93, 89 200, 45 142, 44 058,  194
89,Bayern,Schwaben,Neu-Ulm, 470.95, 180 425, 89 639, 90 786,  383
90,Bayern,Oberpfalz,Neumarkt i.d.OPf., 50.29, 5 831, 2 891, 2 940,  116
90,Bayern,Mittelfranken,Fürth, 63.35, 131 433, 64 348, 67 085, 2 075
90,Bayern,Mittelfranken,Nürnberg, 186.44, 523 026, 255 250, 267 776, 2 805
90,Bayern,Mittelfranken,Ansbach, 63.93, 5 716, 2 887, 2 829,  89
90,Bayern,Mittelfranken,Erlangen-Höchstadt, 51.68, 26 324, 12 903, 13 421,  509
90,Bayern,Mittelfranken,Fürth, 280.80, 114 385, 55 584, 58 801,  407
90,Bayern,Mittelfranken,Nürnberger Land, 150.05, 80 907, 39 584, 41 323,  539
90,Bayern,Mittelfranken,Neustadt a.d.Aisch-Bad Windsheim, 50.66, 3 568, 1 818, 1 750,  70
90,Bayern,Mittelfranken,Roth, 142.93, 31 830, 15 587, 16 243,  223
91,Bayern,Oberbayern,Eichstätt, 107.77, 7 350, 3 729, 3 621,  68
91,Bayern,Oberpfalz,Amberg-Sulzbach, 90.84, 10 289, 5 092, 5 197,  113
91,Bayern,Oberpfalz,Neustadt a.d.Waldnaab, 67.42, 3 240, 1 652, 1 588,  48
91,Bayern,Oberfranken,Bamberg, 76.70, 3 630, 1 823, 1 807,  47
91,Bayern,Oberfranken,Bayreuth, 349.02, 28 031, 14 097, 13 934,  80
91,Bayern,Oberfranken,Forchheim, 642.83, 117 948, 58 401, 59 547,  183
91,Bayern,Mittelfranken,Ansbach, 99.91, 42 221, 20 194, 22 027,  423
91,Bayern,Mittelfranken,Erlangen, 76.96, 116 562, 57 940, 58 622, 1 515
91,Bayern,Mittelfranken,Schwabach, 40.80, 41 227, 20 110, 21 117, 1 010
91,Bayern,Mittelfranken,Ansbach,1 905.57, 182 907, 91 663, 91 244,  96
91,Bayern,Mittelfranken,Erlangen-Höchstadt, 370.45, 110 482, 54 946, 55 536,  298
91,Bayern,Mittelfranken,Fürth, 26.64, 5 538, 2 798, 2 740,  208
91,Bayern,Mittelfranken,Nürnberger Land, 521.42, 91 758, 45 280, 46 478,  176
91,Bayern,Mittelfranken,Neustadt a.d.Aisch-Bad Windsheim, 961.14, 84 915, 42 489, 42 426,  88
91,Bayern,Mittelfranken,Roth, 728.95, 96 864, 48 136, 48 728,  133
91,Bayern,Mittelfranken,Weißenburg-Gunzenhausen, 970.78, 97 120, 48 407, 48 713,  100
92,Bayern,Oberbayern,Eichstätt, 100.02, 10 195, 5 196, 4 999,  102
92,Bayern,Oberpfalz,Amberg, 50.13, 42 534, 20 920, 21 614,  848
92,Bayern,Oberpfalz,Weiden i.d.OPf., 70.57, 43 052, 20 833, 22 219,  610
92,Bayern,Oberpfalz,Amberg-Sulzbach,1 162.24, 94 147, 47 236, 46 911,  81
92,Bayern,Oberpfalz,Cham, 66.67, 3 358, 1 721, 1 637,  50
92,Bayern,Oberpfalz,Neumarkt i.d.OPf.,1 293.67, 132 255, 66 952, 65 303,  102
92,Bayern,Oberpfalz,Neustadt a.d.Waldnaab,1 258.27, 89 667, 44 509, 45 158,  71
92,Bayern,Oberpfalz,Schwandorf,1 186.82, 107 733, 54 299, 53 434,  91
92,Bayern,Oberpfalz,Tirschenreuth, 102.15, 7 633, 3 807, 3 826,  75
93,Bayern,Oberbayern,Eichstätt, 136.82, 8 935, 4 550, 4 385,  65
93,Bayern,Niederbayern,Kelheim, 723.47, 95 641, 48 188, 47 453,  132
93,Bayern,Niederbayern,Regen, 37.87, 1 983,  991,  992,  52
93,Bayern,Oberpfalz,Regensburg, 80.86, 157 443, 76 690, 80 753, 1 947
93,Bayern,Oberpfalz,Cham,1 460.15, 126 835, 63 720, 63 115,  87
93,Bayern,Oberpfalz,Regensburg,1 282.26, 189 672, 94 678, 94 994,  148
93,Bayern,Oberpfalz,Schwandorf, 264.91, 43 978, 21 872, 22 106,  166
94,Bayern,Niederbayern,Passau, 69.56, 53 907, 26 167, 27 740,  775
94,Bayern,Niederbayern,Straubing, 67.59, 49 164, 24 797, 24 367,  727
94,Bayern,Niederbayern,Deggendorf, 861.17, 122 121, 61 353, 60 768,  142
94,Bayern,Niederbayern,Freyung-Grafenau, 827.65, 79 286, 39 459, 39 827,  96
94,Bayern,Niederbayern,Passau,1 530.09, 196 963, 97 778, 99 185,  129
94,Bayern,Niederbayern,Regen, 936.91, 76 052, 37 977, 38 075,  81
94,Bayern,Niederbayern,Rottal-Inn, 205.69, 15 441, 8 220, 7 221,  75
94,Bayern,Niederbayern,Straubing-Bogen,1 052.94, 93 257, 46 884, 46 373,  89
94,Bayern,Niederbayern,Dingolfing-Landau, 511.80, 50 972, 25 814, 25 158,  100
95,Bayern,Oberpfalz,Neustadt a.d.Waldnaab, 54.17, 3 047, 1 536, 1 511,  56
95,Bayern,Oberpfalz,Tirschenreuth, 982.10, 64 539, 31 983, 32 556,  66
95,Bayern,Oberfranken,Bayreuth, 66.89, 74 506, 36 399, 38 107, 1 114
95,Bayern,Oberfranken,Hof, 58.02, 46 656, 22 663, 23 993,  804
95,Bayern,Oberfranken,Bayreuth, 705.92, 71 724, 35 378, 36 346,  102
95,Bayern,Oberfranken,Hof, 854.93, 94 589, 46 307, 48 282,  111
95,Bayern,Oberfranken,Kulmbach, 621.54, 70 499, 34 620, 35 879,  113
95,Bayern,Oberfranken,Wunsiedel i.Fichtelgebirge, 529.35, 72 006, 35 123, 36 883,  136
96,Bayern,Oberfranken,Bamberg, 54.62, 79 935, 39 117, 40 818, 1 463
96,Bayern,Oberfranken,Coburg, 48.29, 41 842, 20 328, 21 514,  867
96,Bayern,Oberfranken,Bamberg,1 002.92, 145 492, 72 783, 72 709,  145
96,Bayern,Oberfranken,Bayreuth, 80.66, 4 947, 2 448, 2 499,  61
96,Bayern,Oberfranken,Coburg, 584.40, 87 103, 43 107, 43 996,  149
96,Bayern,Oberfranken,Kronach, 630.63, 66 393, 32 798, 33 595,  105
96,Bayern,Oberfranken,Kulmbach, 36.79, 1 154,  579,  575,  31
96,Bayern,Oberfranken,Lichtenfels, 512.45, 67 328, 33 189, 34 139,  131
96,Bayern,Mittelfranken,Erlangen-Höchstadt, 39.76, 4 188, 2 128, 2 060,  105
96,Bayern,Mittelfranken,Neustadt a.d.Aisch-Bad Windsheim, 43.97, 2 702, 1 336, 1 366,  61
96,Bayern,Unterfranken,Haßberge, 358.40, 22 068, 11 177, 10 891,  62
96,Bayern,Unterfranken,Kitzingen, 48.75, 2 647, 1 374, 1 273,  54
96,Thüringen,,Sonneberg, 314.21, 44 449, 21 817, 22 632,  141
97,Baden-Württemberg,Reg.-Bez. Stuttgart,Main-Tauber-Kreis,1 250.20, 132 507, 66 116, 66 391,  106
97,Bayern,Mittelfranken,Neustadt a.d.Aisch-Bad Windsheim, 208.94, 12 118, 6 156, 5 962,  58
97,Bayern,Unterfranken,Schweinfurt, 35.70, 54 675, 27 041, 27 634, 1 532
97,Bayern,Unterfranken,Würzburg, 87.60, 127 810, 61 008, 66 802, 1 459
97,Bayern,Unterfranken,Bad Kissingen,1 014.24, 104 567, 51 477, 53 090,  103
97,Bayern,Unterfranken,Rhön-Grabfeld, 942.25, 80 341, 39 954, 40 387,  85
97,Bayern,Unterfranken,Haßberge, 597.78, 62 916, 31 449, 31 467,  105
97,Bayern,Unterfranken,Kitzingen, 635.38, 90 600, 45 432, 45 168,  143
97,Bayern,Unterfranken,Miltenberg, 96.50, 9 546, 4 851, 4 695,  99
97,Bayern,Unterfranken,Main-Spessart,1 153.97, 127 132, 63 281, 63 851,  110
97,Bayern,Unterfranken,Schweinfurt, 806.08, 117 044, 59 107, 57 937,  145
97,Bayern,Unterfranken,Würzburg, 913.23, 165 339, 81 903, 83 436,  181
98,Thüringen,,"Suhl, Stadt", 141.62, 37 009, 18 339, 18 670,  261
98,Thüringen,,Schmalkalden-Meiningen,1 156.80, 118 223, 59 064, 59 159,  102
98,Thüringen,,Hildburghausen, 938.42, 61 926, 31 002, 30 924,  66
98,Thüringen,,Ilm-Kreis, 302.18, 47 481, 24 294, 23 187,  157
98,Thüringen,,Sonneberg, 146.64, 12 473, 6 276, 6 197,  85
98,Thüringen,,Saalfeld-Rudolstadt, 137.26, 8 579, 4 231, 4 348,  63
99,Thüringen,,"Erfurt, Stadt", 269.91, 214 969, 104 205, 110 764,  796
99,Thüringen,,"Weimar, Stadt", 84.47, 65 620, 31 624, 33 996,  777
99,Thüringen,,Nordhausen, 713.91, 82 444, 40 782, 41 662,  115
99,Thüringen,,Wartburgkreis, 768.71, 92 298, 46 174, 46 124,  120
99,Thüringen,,Unstrut-Hainich-Kreis, 979.68, 102 256, 50 688, 51 568,  104
99,Thüringen,,Kyffhäuserkreis, 663.63, 40 261, 20 125, 20 136,  61
99,Thüringen,,Gotha, 936.08, 134 941, 66 997, 67 944,  144
99,Thüringen,,Sömmerda, 806.85, 69 646, 34 846, 34 800,  86
99,Thüringen,,Ilm-Kreis, 502.94, 59 295, 29 504, 29 791,  118
99,Thüringen,,Weimarer Land, 804.48, 83 179, 41 156, 42 023,  103
